Motif,EIF4G2,HNRNPC
AAAAA,0.466767326,0.021157673
AAAAC,0.387961165,0.021181481
AAAAG,0.469211919,0.01456301
AAAAU,0.459112942,0.023512634
AAACA,0.366651398,0.020987271
AAACC,0.342855099,0.033614331
AAACG,0.490029115,0.011949151
AAACU,0.38989457,0.022297564
AAAGA,0.444300297,0.014601407
AAAGC,0.431022622,0.019034063
AAAGG,0.512222489,0.011239157
AAAGU,0.479209924,0.014517108
AAAUA,0.449773069,0.020820464
AAAUC,0.459492315,0.018250392
AAAUG,0.475950537,0.015222646
AAAUU,0.448623392,0.0415385
AACAA,0.395672458,0.01768479
AACAC,0.278833053,0.028449358
AACAG,0.453405014,0.015252948
AACAU,0.380189945,0.023838251
AACCA,0.375456804,0.027863019
AACCC,0.199790704,0.047549921
AACCG,0.600831356,0.018934315
AACCU,0.328689832,0.034106827
AACGA,0.438216392,0.011821947
AACGC,0.460345378,0.018272037
AACGG,0.575654388,0.009725306
AACGU,0.5520771,0.010153516
AACUA,0.412609746,0.018188826
AACUC,0.28765492,0.022137646
AACUG,0.48394038,0.014374649
AACUU,0.364359664,0.037858887
AAGAA,0.367691362,0.017438832
AAGAC,0.442179962,0.015571845
AAGAG,0.428971685,0.017932763
AAGAU,0.488095808,0.013054239
AAGCA,0.378443349,0.020060524
AAGCC,0.429558096,0.031715411
AAGCG,0.562482016,0.013384375
AAGCU,0.438216392,0.019030432
AAGGA,0.485419844,0.010411474
AAGGC,0.503549348,0.014538783
AAGGG,0.536219965,0.013407795
AAGGU,0.527399017,0.011556828
AAGUA,0.401919504,0.015159904
AAGUC,0.514917491,0.012514613
AAGUG,0.488740659,0.013415619
AAGUU,0.507262709,0.024430203
AAUAA,0.450443103,0.020517531
AAUAC,0.386738138,0.024296373
AAUAG,0.458923202,0.015590686
AAUAU,0.453118761,0.026991666
AAUCA,0.449198396,0.016749778
AAUCC,0.354929313,0.031345061
AAUCG,0.668546121,0.006493563
AAUCU,0.473896328,0.022733344
AAUGA,0.415586611,0.015736667
AAUGC,0.440731697,0.021244571
AAUGG,0.507985662,0.012850302
AAUGU,0.47623033,0.016589854
AAUUA,0.452068463,0.024546323
AAUUC,0.374011825,0.032237151
AAUUG,0.502369056,0.016527042
AAUUU,0.459397485,0.099924622
ACAAA,0.399103089,0.01870641
ACAAC,0.390910652,0.023380642
ACAAG,0.436665361,0.014613234
ACAAU,0.419640715,0.023121773
ACACA,0.282122073,0.027426229
ACACC,0.147291327,0.060267291
ACACG,0.432582423,0.018069525
ACACU,0.266258187,0.03531601
ACAGA,0.411913867,0.016227434
ACAGC,0.453023325,0.024488652
ACAGG,0.517068276,0.013915034
ACAGU,0.459018077,0.017459041
ACAUA,0.372978417,0.021513188
ACAUC,0.334616431,0.027654316
ACAUG,0.424366192,0.016591673
ACAUU,0.40352533,0.044707301
ACCAA,0.313992048,0.026495806
ACCAC,0.419147191,0.036033547
ACCAG,0.388979212,0.027041321
ACCAU,0.357347764,0.032885592
ACCCA,0.226718644,0.045866679
ACCCC,0.148068456,0.056894921
ACCCG,0.345090279,0.042773938
ACCCU,0.208238124,0.049816453
ACCGA,0.436277227,0.021517068
ACCGC,0.605594943,0.026511045
ACCGG,0.615216891,0.017726443
ACCGU,0.669392065,0.015551962
ACCUA,0.302187259,0.030763341
ACCUC,0.35892187,0.030653785
ACCUG,0.391824245,0.029483914
ACCUU,0.29595305,0.051475241
ACGAA,0.431802826,0.013230589
ACGAC,0.462427583,0.014229824
ACGAG,0.480974867,0.019194063
ACGAU,0.498637444,0.012018572
ACGCA,0.458353765,0.019443219
ACGCC,0.411814416,0.033465977
ACGCG,0.604775252,0.014185418
ACGCU,0.483292425,0.022424581
ACGGA,0.582301881,0.009421507
ACGGC,0.586987406,0.014345258
ACGGG,0.621042752,0.013425373
ACGGU,0.569981802,0.011259021
ACGUA,0.486989381,0.011570989
ACGUC,0.615460314,0.007664605
ACGUG,0.570321368,0.011119285
ACGUU,0.617891291,0.018927364
ACUAA,0.41806058,0.019341697
ACUAC,0.395975635,0.024152049
ACUAG,0.438700596,0.01652387
ACUAU,0.433166721,0.027087629
ACUCA,0.411018454,0.024522647
ACUCC,0.092703691,0.02968069
ACUCG,0.514289307,0.017131963
ACUCU,0.396177702,0.030114547
ACUGA,0.440635071,0.015518806
ACUGC,0.496081001,0.020990532
ACUGG,0.526069138,0.014934991
ACUGU,0.477814345,0.015122621
ACUUA,0.423580161,0.024599917
ACUUC,0.373805229,0.026167706
ACUUG,0.391621296,0.023569793
ACUUU,0.436374275,0.091024349
AGAAA,0.377620365,0.020653888
AGAAC,0.318697052,0.01810784
AGAAG,0.418258234,0.017106083
AGAAU,0.353348905,0.025676487
AGACA,0.33375656,0.022051394
AGACC,0.411217504,0.022289964
AGACG,0.537624124,0.010912495
AGACU,0.452736962,0.016493242
AGAGA,0.391012204,0.022937188
AGAGC,0.406029282,0.020398249
AGAGG,0.512402382,0.016291826
AGAGU,0.429851173,0.020114359
AGAUA,0.397490141,0.018374602
AGAUC,0.558023741,0.009851417
AGAUG,0.493334683,0.014309717
AGAUU,0.483755293,0.022675878
AGCAA,0.413603019,0.019889106
AGCAC,0.345940463,0.027017394
AGCAG,0.500459482,0.019287458
AGCAU,0.400311096,0.024281616
AGCCA,0.48597408,0.030760727
AGCCC,0.341362199,0.045313203
AGCCG,0.67811724,0.019246285
AGCCU,0.466484872,0.032436865
AGCGA,0.562396467,0.014349219
AGCGC,0.550000386,0.021127394
AGCGG,0.671618857,0.011651566
AGCGU,0.579866792,0.013255578
AGCUA,0.457878986,0.01940734
AGCUC,0.41934463,0.020233727
AGCUG,0.556389785,0.015681712
AGCUU,0.445070214,0.031387738
AGGAA,0.447376417,0.013883388
AGGAC,0.516083074,0.012144655
AGGAG,0.510421778,0.013905493
AGGAU,0.517068276,0.011569892
AGGCA,0.43121773,0.019078046
AGGCC,0.534461989,0.022186043
AGGCG,0.626353471,0.011806744
AGGCU,0.528461648,0.015445412
AGGGA,0.514379072,0.015913846
AGGGC,0.583140193,0.01339126
AGGGG,0.611558417,0.01746782
AGGGU,0.566750156,0.015196664
AGGUA,0.462143901,0.01402623
AGGUC,0.592564608,0.009759911
AGGUG,0.627877101,0.013163809
AGGUU,0.553804407,0.019040494
AGUAA,0.40352533,0.017616956
AGUAC,0.400914552,0.018961237
AGUAG,0.403926384,0.013979626
AGUAU,0.424857147,0.02078246
AGUCA,0.49076463,0.013726707
AGUCC,0.469211919,0.022585538
AGUCG,0.683740473,0.005262672
AGUCU,0.499913219,0.016790326
AGUGA,0.453691186,0.014097644
AGUGC,0.498363852,0.01963379
AGUGG,0.522959192,0.013063266
AGUGU,0.522959192,0.016571239
AGUUA,0.480324987,0.019135564
AGUUC,0.473615881,0.021578171
AGUUG,0.694967891,0.012991205
AGUUU,0.471369473,0.057553876
AUAAA,0.459681947,0.019730409
AUAAC,0.387655548,0.021972531
AUAAG,0.456358178,0.014596562
AUAAU,0.455977614,0.024128156
AUACA,0.36101683,0.023031112
AUACC,0.286866385,0.040255224
AUACG,0.482921976,0.014213823
AUACU,0.411814416,0.027012763
AUAGA,0.413305141,0.015523231
AUAGC,0.437150317,0.020717788
AUAGG,0.491132185,0.012345655
AUAGU,0.475950537,0.016257186
AUAUA,0.444107725,0.021895005
AUAUC,0.448048058,0.02074373
AUAUG,0.472399703,0.01570206
AUAUU,0.455692097,0.052349359
AUCAA,0.446896396,0.014038116
AUCAC,0.410620235,0.021561977
AUCAG,0.504637613,0.012124965
AUCAU,0.466296526,0.018869005
AUCCA,0.387044035,0.028724522
AUCCC,0.256664095,0.035181025
AUCCG,0.497907699,0.023755192
AUCCU,0.384389814,0.029214914
AUCGA,0.56964212,0.008595672
AUCGC,0.615703678,0.010170628
AUCGG,0.694818019,0.006758557
AUCGU,0.666158239,0.004845199
AUCUA,0.50255073,0.017138043
AUCUC,0.448431651,0.018971664
AUCUG,0.517515774,0.013738857
AUCUU,0.48078923,0.037892939
AUGAA,0.391722775,0.016277419
AUGAC,0.373391908,0.018991167
AUGAG,0.438313251,0.01714246
AUGAU,0.47492396,0.014903846
AUGCA,0.433458743,0.020293768
AUGCC,0.401718594,0.036296487
AUGCG,0.582804953,0.0140561
AUGCU,0.500459482,0.021986442
AUGGA,0.477721237,0.011309829
AUGGC,0.492509315,0.017818158
AUGGG,0.537185536,0.01422826
AUGGU,0.536044306,0.013258395
AUGUA,0.404928315,0.015007485
AUGUC,0.516262274,0.014225654
AUGUG,0.49186689,0.013273263
AUGUU,0.519571692,0.029084444
AUUAA,0.474643801,0.022395684
AUUAC,0.429264933,0.0271558
AUUAG,0.483662736,0.016152324
AUUAU,0.483107218,0.035458885
AUUCA,0.455787278,0.028210197
AUUCC,0.288105232,0.042761174
AUUCG,0.584396346,0.015083099
AUUCU,0.482736701,0.039060442
AUUGA,0.439474835,0.017731221
AUUGC,0.51141257,0.020895691
AUUGG,0.550952749,0.013362518
AUUGU,0.53516555,0.016795161
AUUUA,0.479674685,0.039369602
AUUUC,0.468366389,0.043218102
AUUUG,0.509249574,0.027029178
AUUUU,0.500823492,0.284564071
CAAAA,0.417071727,0.019618601
CAAAC,0.378546175,0.022985546
CAAAG,0.462427583,0.014859835
CAAAU,0.43782886,0.024049043
CAACA,0.393547645,0.023150752
CAACC,0.367899225,0.03623694
CAACG,0.529611559,0.013811751
CAACU,0.392635626,0.025060886
CAAGA,0.411516005,0.017687854
CAAGC,0.442276438,0.022761714
CAAGG,0.517784177,0.012271297
CAAGU,0.460440117,0.017873048
CAAUA,0.421415386,0.021802164
CAAUC,0.487911489,0.020811403
CAAUG,0.455596906,0.016648606
CAAUU,0.440055122,0.043016073
CACAA,0.412510364,0.022950879
CACAC,0.302852911,0.035962969
CACAG,0.468648312,0.019729943
CACAU,0.377105656,0.031177975
CACCA,0.220957515,0.043360359
CACCC,0.088452581,0.077761845
CACCG,0.502459897,0.026962901
CACCU,0.198929719,0.054194311
CACGA,0.480232113,0.018171228
CACGC,0.492325807,0.026958064
CACGG,0.619347046,0.013776139
CACGU,0.574471728,0.016665712
CACUA,0.401417154,0.025913988
CACUC,0.277468909,0.036860834
CACUG,0.475950537,0.019661418
CACUU,0.357662783,0.047567514
CAGAA,0.376178511,0.02026942
CAGAC,0.466955584,0.017713355
CAGAG,0.441311255,0.02157874
CAGAU,0.49736004,0.016924906
CAGCA,0.433653376,0.027100852
CAGCC,0.489477123,0.037922256
CAGCG,0.601654285,0.018828073
CAGCU,0.481809807,0.026110694
CAGGA,0.511862606,0.013891052
CAGGC,0.565130408,0.018961237
CAGGG,0.585567334,0.01689876
CAGGU,0.568027053,0.016071901
CAGUA,0.409723662,0.020164719
CAGUC,0.542784986,0.017120478
CAGUG,0.510782179,0.017692684
CAGUU,0.507081889,0.030038523
CAUAA,0.410520655,0.020681644
CAUAC,0.37359859,0.027791811
CAUAG,0.447184436,0.017225291
CAUAU,0.433166721,0.028966795
CAUCA,0.405128581,0.021603728
CAUCC,0.261067998,0.041741436
CAUCG,0.639904113,0.009626825
CAUCU,0.428384929,0.027945841
CAUGA,0.414892801,0.018697382
CAUGC,0.450634459,0.025362034
CAUGG,0.516799681,0.015446089
CAUGU,0.472025197,0.019675932
CAUUA,0.462049323,0.025833419
CAUUC,0.506267794,0.03258092
CAUUG,0.515814214,0.017902023
CAUUU,0.482921976,0.099357872
CCAAA,0.326742564,0.026356382
CCAAC,0.336441205,0.030424587
CCAAG,0.384083104,0.024430203
CCAAU,0.346259096,0.032159035
CCACA,0.395773527,0.034318684
CCACC,0.242746105,0.054516899
CCACG,0.578689106,0.023798297
CCACU,0.369041699,0.03883296
CCAGA,0.384185351,0.027970568
CCAGC,0.410122238,0.036400482
CCAGG,0.508527534,0.021626491
CCAGU,0.412709118,0.029589287
CCAUA,0.359131563,0.03051658
CCAUC,0.384287588,0.030541705
CCAUG,0.440248475,0.025968795
CCAUU,0.448527526,0.050558393
CCCAA,0.195107849,0.036424032
CCCAC,0.275761107,0.043856934
CCCAG,0.302852911,0.036056188
CCCAU,0.297849689,0.043620165
CCCCA,0.221559183,0.048008345
CCCCC,0.150267048,0.063759227
CCCCG,0.3714263,0.044166284
CCCCU,0.194242821,0.053281307
CCCGA,0.305732292,0.043409663
CCCGC,0.367275506,0.041544788
CCCGG,0.475297383,0.028658769
CCCGU,0.428189267,0.033554113
CCCUA,0.223001713,0.039828589
CCCUC,0.317604839,0.040528987
CCCUG,0.337298772,0.034419565
CCCUU,0.212738678,0.060579667
CCGAA,0.431607832,0.024161027
CCGAC,0.479860529,0.022299063
CCGAG,0.413404444,0.034268572
CCGAU,0.464599809,0.021730833
CCGCA,0.503367855,0.029220613
CCGCC,0.562396467,0.037117139
CCGCG,0.663532699,0.022406333
CCGCU,0.55440826,0.030871911
CCGGA,0.609275259,0.016022375
CCGGC,0.621284761,0.021659031
CCGGG,0.600995996,0.024513671
CCGGU,0.579950859,0.019238869
CCGUA,0.516262274,0.020409851
CCGUC,0.795741731,0.013457868
CCGUG,0.566750156,0.020295892
CCGUU,0.673764169,0.02616647
CCUAA,0.300298836,0.028459788
CCUAC,0.349228117,0.03348382
CCUAG,0.396783657,0.026032665
CCUAU,0.328905961,0.037436168
CCUCA,0.383571711,0.029625931
CCUCC,0.249319884,0.039291736
CCUCG,0.592979573,0.018995317
CCUCU,0.442276438,0.036547127
CCUGA,0.331711399,0.030849357
CCUGC,0.405128581,0.033843821
CCUGG,0.486989381,0.025771803
CCUGU,0.405028453,0.026268176
CCUUA,0.282008839,0.034271893
CCUUC,0.387349838,0.035476182
CCUUG,0.286640975,0.037515145
CCUUU,0.344664915,0.089869223
CGAAA,0.432485006,0.016353404
CGAAC,0.467614207,0.013622831
CGAAG,0.521088571,0.013963205
CGAAU,0.453977275,0.018921866
CGACA,0.37628157,0.0204675
CGACC,0.476510044,0.020503703
CGACG,0.588322105,0.009266116
CGACU,0.494342542,0.016146394
CGAGA,0.485235031,0.028843791
CGAGC,0.576835651,0.020452842
CGAGG,0.63577867,0.017517846
CGAGU,0.538851147,0.020862867
CGAUA,0.425151605,0.016198202
CGAUC,0.586569947,0.009152084
CGAUG,0.520821053,0.013669869
CGAUU,0.503912235,0.020797165
CGCAA,0.5435699,0.018731678
CGCAC,0.489477123,0.023862822
CGCAG,0.653898356,0.017903477
CGCAU,0.514379072,0.02333628
CGCCA,0.589238678,0.027441968
CGCCC,0.381831017,0.045643163
CGCCG,0.803771342,0.012200641
CGCCU,0.547919351,0.030457611
CGCGA,0.575569958,0.015355718
CGCGC,0.671005065,0.021471588
CGCGG,0.820895706,0.010355807
CGCGU,0.671005065,0.014144138
CGCUA,0.610988116,0.020690499
CGCUC,0.539726672,0.021466569
CGCUG,0.653898356,0.015421154
CGCUU,0.561198014,0.033943319
CGGAA,0.542348656,0.012170768
CGGAC,0.695941512,0.010243521
CGGAG,0.605676875,0.012483131
CGGAU,0.618214975,0.010761624
CGGCA,0.585985211,0.017757968
CGGCC,0.667083257,0.018637868
CGGCG,0.733984763,0.010711678
CGGCU,0.656081981,0.016370827
CGGGA,0.568282237,0.019667379
CGGGC,0.729941063,0.012361947
CGGGG,0.674529237,0.017565065
CGGGU,0.639191311,0.014640428
CGGUA,0.551990656,0.013337897
CGGUC,0.66561825,0.009727976
CGGUG,0.661365301,0.012550165
CGGUU,0.605676875,0.017641472
CGUAA,0.502459897,0.01284764
CGUAC,0.554322017,0.013630027
CGUAG,0.53234833,0.010437737
CGUAU,0.52367089,0.016220257
CGUCA,0.744522326,0.007334674
CGUCC,0.694668125,0.013215929
CGUCG,0.791600579,0
CGUCU,0.705329347,0.010250951
CGUGA,0.515993462,0.013392199
CGUGC,0.623621169,0.015825442
CGUGG,0.637208635,0.009632951
CGUGU,0.604775252,0.014648555
CGUUA,0.670237294,0.013109548
CGUUC,0.631556304,0.014372356
CGUUG,0.831933402,0.007955669
CGUUU,0.605349106,0.040698071
CUAAA,0.43986173,0.020335572
CUAAC,0.399606603,0.023936839
CUAAG,0.448239873,0.016789027
CUAAU,0.447664318,0.026018295
CUACA,0.400814001,0.025391927
CUACC,0.416378947,0.03701271
CUACG,0.551298838,0.016877033
CUACU,0.492784513,0.029348396
CUAGA,0.409324927,0.01966287
CUAGC,0.459112942,0.024015084
CUAGG,0.510962332,0.013610315
CUAGU,0.48708163,0.019404073
CUAUA,0.420627032,0.024838962
CUAUC,0.484587915,0.023424125
CUAUG,0.455692097,0.019548877
CUAUU,0.441600907,0.053658253
CUCAA,0.440731697,0.021216779
CUCAC,0.422399956,0.027789446
CUCAG,0.501914726,0.018997236
CUCAU,0.445262601,0.028815028
CUCCA,0.299631482,0.032177976
CUCCC,0,0.032079992
CUCCG,0.523137164,0.025798541
CUCCU,0.173759319,0.031726371
CUCGA,0.452832425,0.020273202
CUCGC,0.684119284,0.01966852
CUCGG,0.643697168,0.010753152
CUCGU,0.606905052,0.01215275
CUCUA,0.551385341,0.025898585
CUCUC,0.367379486,0.027089893
CUCUG,0.550346805,0.020154098
CUCUU,0.509790762,0.047848505
CUGAA,0.408826284,0.018088423
CUGAC,0.420429846,0.020423785
CUGAG,0.426132504,0.023926775
CUGAU,0.47230609,0.017262183
CUGCA,0.467426073,0.024310716
CUGCC,0.48403291,0.0325888
CUGCG,0.639349755,0.018173097
CUGCU,0.547137844,0.026129184
CUGGA,0.518588954,0.014985404
CUGGC,0.546268787,0.02142414
CUGGG,0.559483442,0.019671941
CUGGU,0.572186926,0.016752013
CUGUA,0.381215931,0.017056504
CUGUC,0.534549961,0.01577835
CUGUG,0.485419844,0.016527094
CUGUU,0.505543597,0.027107026
CUUAA,0.421415386,0.025626713
CUUAC,0.404327277,0.029764952
CUUAG,0.435500507,0.01943736
CUUAU,0.435403375,0.037249367
CUUCA,0.473802855,0.027866104
CUUCC,0.290129132,0.036392173
CUUCG,0.627877101,0.014214814
CUUCU,0.496994767,0.035843627
CUUGA,0.280875787,0.032931119
CUUGC,0.386840114,0.032262335
CUUGG,0.45797396,0.019210451
CUUGU,0.417368486,0.026420948
CUUUA,0.437731953,0.04221895
CUUUC,0.474456985,0.042991462
CUUUG,0.461197713,0.030207133
CUUUU,0.482366046,0.232126348
GAAAA,0.413205828,0.018647311
GAAAC,0.381010818,0.019384422
GAAAG,0.456833679,0.012215733
GAAAU,0.41419851,0.021619507
GAACA,0.365818648,0.016825675
GAACC,0.358187595,0.025417748
GAACG,0.51141257,0.00871223
GAACU,0.336441205,0.016483934
GAAGA,0.437925757,0.015375552
GAAGC,0.442372905,0.020136845
GAAGG,0.527487612,0.01159069
GAAGU,0.451303917,0.016372491
GAAUA,0.396581712,0.021709417
GAAUC,0.438216392,0.017660378
GAAUG,0.447088432,0.015360455
GAAUU,0.381523521,0.034453632
GACAA,0.378031942,0.017156439
GACAC,0.203717223,0.036152202
GACAG,0.45407262,0.015480392
GACAU,0.330309664,0.024539153
GACCA,0.453595804,0.019686195
GACCC,0.312235683,0.034609193
GACCG,0.648261329,0.01028648
GACCU,0.403023786,0.022238418
GACGA,0.511142451,0.011043319
GACGC,0.441504366,0.018829267
GACGG,0.61829588,0.008911878
GACGU,0.567856895,0.009835294
GACUA,0.448335767,0.016676578
GACUC,0.386738138,0.017533171
GACUG,0.534725882,0.012650343
GACUU,0.451686263,0.024060087
GAGAA,0.342108928,0.030073355
GAGAC,0.467049699,0.019328734
GAGAG,0.449485773,0.021061243
GAGAU,0.457308954,0.021038208
GAGCA,0.438506942,0.021584482
GAGCC,0.477162407,0.029094251
GAGCG,0.637446763,0.012020557
GAGCU,0.435014751,0.018564391
GAGGA,0.507804973,0.015400071
GAGGC,0.557164097,0.018308632
GAGGG,0.606250212,0.015717464
GAGGU,0.560941015,0.016380188
GAGUA,0.416081895,0.020250045
GAGUC,0.495349387,0.014978009
GAGUG,0.52855015,0.015573354
GAGUU,0.513930167,0.026974479
GAUAA,0.423678449,0.01612106
GAUAC,0.335582903,0.022407729
GAUAG,0.467896342,0.012226178
GAUAU,0.424169742,0.020686615
GAUCA,0.522246987,0.00914716
GAUCC,0.480046338,0.016897097
GAUCG,0.757979836,0.004192578
GAUCU,0.522870194,0.010556382
GAUGA,0.427993567,0.014460106
GAUGC,0.510331657,0.020144772
GAUGG,0.535429258,0.01083871
GAUGU,0.488464345,0.013903721
GAUUA,0.485697001,0.015491844
GAUUC,0.436665361,0.021439611
GAUUG,0.563337103,0.009635307
GAUUU,0.496172415,0.047506215
GCAAA,0.499457772,0.018485874
GCAAC,0.489569143,0.022008576
GCAAG,0.536834527,0.015001236
GCAAU,0.514109753,0.022558042
GCACA,0.415091082,0.024274547
GCACC,0.254222013,0.047172582
GCACG,0.56751649,0.015284446
GCACU,0.390910652,0.026958785
GCAGA,0.507081889,0.016976102
GCAGC,0.595879513,0.025444083
GCAGG,0.663068652,0.014822072
GCAGU,0.561711812,0.019056677
GCAUA,0.456643506,0.02122418
GCAUC,0.438797409,0.023532978
GCAUG,0.530671843,0.016399482
GCAUU,0.470431978,0.036924318
GCCAA,0.52580295,0.024932399
GCCAC,0.523226138,0.034243643
GCCAG,0.605922631,0.023932607
GCCAU,0.530406877,0.030954842
GCCCA,0.36592278,0.038775598
GCCCC,0.348698581,0.049033443
GCCCG,0.497542626,0.03578997
GCCCU,0.383776299,0.041105462
GCCGA,0.595300197,0.018017346
GCCGC,0.750706935,0.024070667
GCCGG,0.760228651,0.012947631
GCCGU,0.803972939,0.014566136
GCCUA,0.543657075,0.027101418
GCCUC,0.536483395,0.027099205
GCCUG,0.582888773,0.022979295
GCCUU,0.482551391,0.041621312
GCGAA,0.493792927,0.014682938
GCGAC,0.532612782,0.014106453
GCGAG,0.848393374,0.017984428
GCGAU,0.549220505,0.013260795
GCGCA,0.584396346,0.021440491
GCGCC,0.546529584,0.031014961
GCGCG,0.727623015,0.01422628
GCGCU,0.625309649,0.021152963
GCGGA,0.64306599,0.010224108
GCGGC,0.819705838,0.014705912
GCGGG,0.773408553,0.014025396
GCGGU,0.681844267,0.012967931
GCGUA,0.541737475,0.013393555
GCGUC,0.69136475,0.008450374
GCGUG,0.644406767,0.012466685
GCGUU,0.65037894,0.018789215
GCUAA,0.519928812,0.018553649
GCUAC,0.549913763,0.023702224
GCUAG,0.549480533,0.015733284
GCUAU,0.51760525,0.024738555
GCUCA,0.545572997,0.020589
GCUCC,0.309925761,0.025498505
GCUCG,0.645667034,0.012624294
GCUCU,0.555097931,0.023378628
GCUGA,0.525447922,0.015207442
GCUGC,0.706589239,0.02179575
GCUGG,0.659193196,0.014001625
GCUGU,0.552249965,0.015441456
GCUUA,0.505362466,0.023305964
GCUUC,0.589405238,0.023834534
GCUUG,0.509430002,0.019276984
GCUUU,0.532700917,0.06570129
GGAAA,0.463183675,0.015592559
GGAAC,0.443240691,0.014793476
GGAAG,0.513301362,0.013364136
GGAAU,0.446608273,0.020102753
GGACA,0.500641504,0.015203121
GGACC,0.585149281,0.015157405
GGACG,0.617162618,0.009447744
GGACU,0.549393865,0.014347343
GGAGA,0.469024085,0.016414615
GGAGC,0.522246987,0.016062849
GGAGG,0.615460314,0.012484071
GGAGU,0.50454697,0.015082265
GGAUA,0.49067272,0.014894887
GGAUC,0.578689106,0.008747761
GGAUG,0.547658916,0.011564457
GGAUU,0.533933993,0.017442884
GGCAA,0.522514123,0.016944345
GGCAC,0.343494232,0.02628038
GGCAG,0.574133568,0.015736043
GGCAU,0.441986981,0.022204243
GGCCA,0.604283115,0.021395525
GGCCC,0.467143806,0.032067397
GGCCG,0.766805448,0.013518787
GGCCU,0.58339155,0.020596976
GGCGA,0.654054488,0.012441676
GGCGC,0.583056394,0.018026848
GGCGG,0.730519737,0.010402684
GGCGU,0.62522931,0.011165082
GGCUA,0.549827132,0.016230243
GGCUC,0.530230195,0.016743071
GGCUG,0.670621253,0.01341708
GGCUU,0.549133814,0.022375161
GGGAA,0.448623392,0.023347797
GGGAC,0.5983585,0.01551001
GGGAG,0.550952749,0.017195257
GGGAU,0.555270275,0.016629837
GGGCA,0.538062519,0.017186683
GGGCC,0.661287807,0.018936131
GGGCG,0.69136475,0.011278675
GGGCU,0.605922631,0.014339474
GGGGA,0.568537356,0.019180424
GGGGC,0.661752681,0.018516596
GGGGG,0.664382893,0.019089093
GGGGU,0.632434111,0.018564858
GGGUA,0.511592609,0.017561117
GGGUC,0.646296572,0.012315213
GGGUG,0.659503786,0.014428998
GGGUU,0.592647615,0.020560569
GGUAA,0.48403291,0.014590831
GGUAC,0.495806709,0.016475354
GGUAG,0.494708785,0.01239928
GGUAU,0.499366658,0.017630461
GGUCA,0.568282237,0.010815543
GGUCC,0.584145242,0.016179112
GGUCG,0.779830684,0.005144922
GGUCU,0.591069308,0.011844568
GGUGA,0.570491108,0.013550497
GGUGC,0.639983282,0.016930779
GGUGG,0.660900247,0.012940169
GGUGU,0.639032841,0.014358025
GGUUA,0.537097795,0.015661988
GGUUC,0.583810338,0.017944239
GGUUG,0.689106176,0.011001543
GGUUU,0.542174071,0.036377543
GUAAA,0.444589085,0.015865664
GUAAC,0.421710859,0.017449378
GUAAG,0.478000535,0.012306388
GUAAU,0.440731697,0.019592682
GUACA,0.435791848,0.018208085
GUACC,0.412907832,0.026810418
GUACG,0.561711812,0.010830238
GUACU,0.47623033,0.017690399
GUAGA,0.347956759,0.013241545
GUAGC,0.448048058,0.016898345
GUAGG,0.500459482,0.010009806
GUAGU,0.439281332,0.013467935
GUAUA,0.431900309,0.0185249
GUAUC,0.504909495,0.013775409
GUAUG,0.48171707,0.013388078
GUAUU,0.463278146,0.034899923
GUCAA,0.58263729,0.011645243
GUCAC,0.501823835,0.016620686
GUCAG,0.648261329,0.009329019
GUCAU,0.553718112,0.0160333
GUCCA,0.569727051,0.019918334
GUCCC,0.474456985,0.02437268
GUCCG,0.716611634,0.013322769
GUCCU,0.52695592,0.021144889
GUCGA,0.639270536,0.005830612
GUCGC,0.721439479,0.008696875
GUCGG,0.750777801,0.003543903
GUCGU,0.693167943,0.005269456
GUCUA,0.591817238,0.014410135
GUCUC,0.566920503,0.015731775
GUCUG,0.634505871,0.010468916
GUCUU,0.561369309,0.025352705
GUGAA,0.443047915,0.015169016
GUGAC,0.477162407,0.014104368
GUGAG,0.522425086,0.014968322
GUGAU,0.532260164,0.013273263
GUGCA,0.533141476,0.018711443
GUGCC,0.530583529,0.027353909
GUGCG,0.683058253,0.012163561
GUGCU,0.573033758,0.017844642
GUGGA,0.503367855,0.011447813
GUGGC,0.586820443,0.015979974
GUGGG,0.613836373,0.012466476
GUGGU,0.589738273,0.013383905
GUGUA,0.533493783,0.014752325
GUGUC,0.600831356,0.012669135
GUGUG,0.64219747,0.013618137
GUGUU,0.570066704,0.025858662
GUUAA,0.514827775,0.01734994
GUUAC,0.578604933,0.020481743
GUUAG,0.595631276,0.012294273
GUUAU,0.517873629,0.024618124
GUUCA,0.541475425,0.018973946
GUUCC,0.469211919,0.030367561
GUUCG,0.684952161,0.008336092
GUUCU,0.52766478,0.023154523
GUUGA,0.532612782,0.013684939
GUUGC,1,0.017608074
GUUGG,0.656782849,0.008787378
GUUGU,0.642434414,0.014020965
GUUUA,0.517068276,0.027043997
GUUUC,0.539289006,0.030079203
GUUUG,0.579362239,0.017698449
GUUUU,0.524204331,0.143663275
UAAAA,0.465542785,0.021379639
UAAAC,0.418258234,0.023644298
UAAAG,0.487173871,0.016006819
UAAAU,0.48171707,0.025762581
UAACA,0.370390216,0.02266885
UAACC,0.381831017,0.036840097
UAACG,0.510331657,0.013604109
UAACU,0.409723662,0.026284139
UAAGA,0.432582423,0.016149671
UAAGC,0.438991006,0.021594054
UAAGG,0.506810598,0.012670909
UAAGU,0.498272638,0.017597114
UAAUA,0.449773069,0.023589827
UAAUC,0.487542748,0.020753723
UAAUG,0.469024085,0.017376333
UAAUU,0.459302647,0.050845931
UACAA,0.421612378,0.021442147
UACAC,0.311686185,0.034422987
UACAG,0.468648312,0.018693231
UACAU,0.407828252,0.029772289
UACCA,0.413007174,0.032029716
UACCC,0.23908838,0.057196919
UACCG,0.593477303,0.022502323
UACCU,0.358712132,0.040334639
UACGA,0.462143901,0.015214992
UACGC,0.507533878,0.024004607
UACGG,0.58205025,0.01265739
UACGU,0.574809773,0.014675072
UACUA,0.46261666,0.02372463
UACUC,0.471275763,0.028462049
UACUG,0.518588954,0.017932867
UACUU,0.487911489,0.050827039
UAGAA,0.341575607,0.018153941
UAGAC,0.40412685,0.017304114
UAGAG,0.406729266,0.018753884
UAGAU,0.484217946,0.015332447
UAGCA,0.389792905,0.021558718
UAGCC,0.489108959,0.032691595
UAGCG,0.555959353,0.01485947
UAGCU,0.471182044,0.022222132
UAGGA,0.475110689,0.011643258
UAGGC,0.489569143,0.015832155
UAGGG,0.523404062,0.014494287
UAGGU,0.520910234,0.01350653
UAGUA,0.399304525,0.017390049
UAGUC,0.535956465,0.015068049
UAGUG,0.482366046,0.014777954
UAGUU,0.521445149,0.02860154
UAUAA,0.454835053,0.023196259
UAUAC,0.407828252,0.028462871
UAUAG,0.457689012,0.018270376
UAUAU,0.468930155,0.03288109
UAUCA,0.458828318,0.019081936
UAUCC,0.394560024,0.034603422
UAUCG,0.652101091,0.008483975
UAUCU,0.50897887,0.026782986
UAUGA,0.426818562,0.017517691
UAUGC,0.467143806,0.024526619
UAUGG,0.501187369,0.015101064
UAUGU,0.494067772,0.020798821
UAUUA,0.463561507,0.035059396
UAUUC,0.441021518,0.039047478
UAUUG,0.500550497,0.022358877
UAUUU,0.485050183,0.153372825
UCAAA,0.474363564,0.017941591
UCAAC,0.443144308,0.020298741
UCAAG,0.499913219,0.014768265
UCAAU,0.512132531,0.023565353
UCACA,0.456833679,0.022640787
UCACC,0.306063996,0.040817799
UCACG,0.577088597,0.015485806
UCACU,0.449964553,0.027654418
UCAGA,0.496903428,0.014098113
UCAGC,0.524204331,0.021863766
UCAGG,0.569472236,0.012256884
UCAGU,0.539464095,0.018066825
UCAUA,0.454835053,0.021329961
UCAUC,0.492601056,0.020575484
UCAUG,0.489293058,0.016879112
UCAUU,0.512492317,0.043251567
UCCAA,0.371736917,0.027705223
UCCAC,0.363733734,0.035710244
UCCAG,0.439184566,0.028771215
UCCAU,0.434042529,0.033729543
UCCCA,0.228034241,0.030361612
UCCCC,0.222761435,0.045625789
UCCCG,0.350815046,0.029131787
UCCCU,0.24309937,0.037850233
UCCGA,0.457784004,0.02378152
UCCGC,0.53516555,0.031340502
UCCGG,0.590570378,0.020572946
UCCGU,0.63665278,0.022699444
UCCUA,0.328041164,0.028182752
UCCUC,0.430827476,0.027796696
UCCUG,0.406129309,0.026261379
UCCUU,0.334616431,0.045625132
UCGAA,0.531731004,0.011356035
UCGAC,0.506177298,0.012827077
UCGAG,0.519393084,0.016402394
UCGAU,0.545920953,0.012555438
UCGCA,0.643618292,0.014658037
UCGCC,0.698110025,0.017292268
UCGCG,0.706441098,0.009635936
UCGCU,0.661365301,0.016917473
UCGGA,0.657016362,0.007486483
UCGGC,0.65996949,0.010242004
UCGGG,0.665695409,0.010470277
UCGGU,0.651475197,0.009214366
UCGUA,0.581127061,0.008671143
UCGUC,0.701986656,0.002255997
UCGUG,0.631715962,0.008534557
UCGUU,0.675140871,0.011811811
UCUAA,0.519035773,0.020703185
UCUAC,0.562054198,0.026459819
UCUAG,0.524915144,0.017770172
UCUAU,0.52855015,0.031540805
UCUCA,0.447088432,0.022778715
UCUCC,0.295059267,0.03158373
UCUCG,0.617648459,0.01332157
UCUCU,0.502278206,0.031812048
UCUGA,0.496720725,0.016169021
UCUGC,0.557765925,0.023345525
UCUGG,0.581546798,0.015797655
UCUGU,0.53516555,0.018519814
UCUUA,0.499275535,0.031124067
UCUUC,0.526689968,0.030804658
UCUUG,0.456548406,0.028044848
UCUUU,0.542959465,0.110764753
UGAAA,0.407628526,0.018737541
UGAAC,0.378340513,0.017933438
UGAAG,0.437635037,0.01572475
UGAAU,0.404026622,0.022811786
UGACA,0.256780236,0.027583092
UGACC,0.382035962,0.025587551
UGACG,0.481624325,0.013331846
UGACU,0.405228699,0.019643224
UGAGA,0.37628157,0.023476591
UGAGC,0.468648312,0.021918693
UGAGG,0.502732371,0.015685511
UGAGU,0.463467062,0.020487854
UGAUA,0.373288552,0.019600821
UGAUC,0.572864449,0.01085466
UGAUG,0.455311279,0.015921546
UGAUU,0.485881729,0.026066813
UGCAA,0.550260211,0.020605469
UGCAC,0.43782886,0.029151504
UGCAG,0.568367284,0.018863869
UGCAU,0.505724696,0.025975749
UGCCA,0.493701295,0.031433333
UGCCC,0.346789925,0.049733009
UGCCG,0.670314098,0.019081158
UGCCU,0.515993462,0.034635338
UGCGA,0.609193621,0.015144075
UGCGC,0.636017139,0.024148333
UGCGG,0.666852083,0.012260226
UGCGU,0.618862029,0.014993372
UGCUA,0.52766478,0.022486351
UGCUC,0.545659997,0.02348129
UGCUG,0.608295165,0.017657314
UGCUU,0.564276854,0.038458166
UGGAA,0.443047915,0.01499483
UGGAC,0.551558326,0.012724777
UGGAG,0.49039694,0.014226227
UGGAU,0.535517145,0.011688299
UGGCA,0.383776299,0.022491262
UGGCC,0.571424164,0.024422723
UGGCG,0.589321961,0.013612662
UGGCU,0.535868617,0.018818787
UGGGA,0.49067272,0.016791002
UGGGC,0.60633209,0.015054926
UGGGG,0.58422895,0.017913395
UGGGU,0.571508944,0.01635408
UGGUA,0.467802306,0.015729381
UGGUC,0.63506292,0.011022301
UGGUG,0.583056394,0.014773734
UGGUU,0.571254582,0.020850493
UGUAA,0.408427191,0.017305102
UGUAC,0.45216399,0.019440523
UGUAG,0.358397443,0.013668096
UGUAU,0.438603774,0.021594881
UGUCA,0.47818669,0.014534302
UGUCC,0.519571692,0.022548067
UGUCG,0.653351704,0.005028684
UGUCU,0.542697735,0.018584577
UGUGA,0.458733426,0.013997455
UGUGC,0.524648648,0.020645913
UGUGG,0.506720151,0.012661513
UGUGU,0.567005666,0.018623442
UGUUA,0.487911489,0.022538091
UGUUC,0.513750549,0.022953772
UGUUG,0.63776418,0.01493348
UGUUU,0.509339792,0.077420201
UUAAA,0.483385016,0.032350474
UUAAC,0.440345138,0.036309997
UUAAG,0.498363852,0.023418961
UUAAU,0.487542748,0.043158915
UUACA,0.405228699,0.037535258
UUACC,0.413404444,0.051877914
UUACG,0.533229564,0.023763865
UUACU,0.518857069,0.045455919
UUAGA,0.451877381,0.021684535
UUAGC,0.504184313,0.030183847
UUAGG,0.512582243,0.017871438
UUAGU,0.509610398,0.028087563
UUAUA,0.467708261,0.039356286
UUAUC,0.510151391,0.032354722
UUAUG,0.49736004,0.028454136
UUAUU,0.483477598,0.11006187
UUCAA,0.483662736,0.032565722
UUCAC,0.460440117,0.040693097
UUCAG,0.522870194,0.025734966
UUCAU,0.485881729,0.042036741
UUCCA,0.360702866,0.047073888
UUCCC,0.270734664,0.052882007
UUCCG,0.514109753,0.035765997
UUCCU,0.383162409,0.05016454
UUCGA,0.515993462,0.020532913
UUCGC,0.652570254,0.022451926
UUCGG,0.65037894,0.01278501
UUCGU,0.631556304,0.013247388
UUCUA,0.507895322,0.040799122
UUCUC,0.493059636,0.039779108
UUCUG,0.538763553,0.02831776
UUCUU,0.494159371,0.093281535
UUGAA,0.392737003,0.027436979
UUGAC,0.32944608,0.031556531
UUGAG,0.446800364,0.026275334
UUGAU,0.448719249,0.028363084
UUGCA,0.642355439,0.033100163
UUGCC,0.549133814,0.042015198
UUGCG,0.626032411,0.02250987
UUGCU,0.595051816,0.036740224
UUGGA,0.534022012,0.015547538
UUGGC,0.472118836,0.023509071
UUGGG,0.554580722,0.019551728
UUGGU,0.542523211,0.020027466
UUGUA,0.448815097,0.026862604
UUGUC,0.543918553,0.018553389
UUGUG,0.509520204,0.022838707
UUGUU,0.547050973,0.056963438
UUUAA,0.490121084,0.074453259
UUUAC,0.467143806,0.084196839
UUUAG,0.498546255,0.051818535
UUUAU,0.495532341,0.117043359
UUUCA,0.474550398,0.071802274
UUUCC,0.450730123,0.084346212
UUUCG,0.618619433,0.033032139
UUUCU,0.500004284,0.108520408
UUUGA,0.431510321,0.052072591
UUUGC,0.531113296,0.065981835
UUUGG,0.528904078,0.037397975
UUUGU,0.518499567,0.07018182
UUUUA,0.499002118,0.227360323
UUUUC,0.528373138,0.193537459
UUUUG,0.515634934,0.151036628
UUUUU,0.524915144,1